{
  "input": "assets/images/YKT_3336.jpg",
  "alpha": 0.8,
  "C_conj": 8.292692091730667e-33,
  "C_legacy": 0.0006961544720161548,
  "DeltaSigma_conj_Fro": 9.449523248520954e-18,
  "DeltaSigma_legacy_Fro": 0.0035170946109837112
}
